{"cameraMode":{"drawMode":0,"name":"Shaded","section":"Shading Mode"},"sceneLighting":true,"audioPlay":false,"sceneViewState":{"m_AlwaysRefresh":false,"showFog":true,"showSkybox":true,"showFlares":true,"showImageEffects":true,"showParticleSystems":true,"showVisualEffectGraphs":true,"m_FxEnabled":true},"in2DMode":false,"pivot":{"x":0.006837540306150913,"y":-0.0023843038361519577,"z":0.006464132573455572},"rotation":{"x":-0.10139083117246628,"y":0.8959539532661438,"z":-0.26717838644981387,"w":-0.3400033712387085},"size":3.0905637741088869,"orthographic":false}